{"metadata":{"asset_id":"1c7ed919-0145-4bed-8140-18acfa94981f","asset_attributes":["data_asset","directory_asset","location_definition"],"name":"nsapallschemes.csv","asset_type":"data_asset","created_at":"2025-08-01T13:10:27Z","origin_country":"us","owner_id":"IBMid-6970010EXL","project_id":"74c06d04-4665-43ea-a2c8-1f347d89288f","size":185915,"usage":{"last_update_time":1754053827016,"last_updated_at":"2025-08-01T13:10:27Z"}},"entity":{"data_asset":{"mime_type":"text/csv","dataset":false},"directory_asset":{"path":""}},"attachments":[{"id":"65a5f9f7-0f3d-4d1a-bcd2-d47f576d036f","version":2,"asset_type":"data_asset","name":"nsapallschemes.csv","mime":"text/csv","datasource_type":"193a97c1-4475-4a19-b90c-295c4fdc6517","object_key":"nsapallschemes.csv","creator_id":"IBMid-6970010EXL","create_time":1754053827707,"size":185915,"is_remote":false,"is_managed":false,"is_referenced":true,"is_object_key_read_only":true,"is_user_provided_path_key":true,"transfer_complete":true,"is_partitioned":false,"complete_time_ticks":1754053827707,"user_data":{},"test_doc":0,"handle":{"bucket":"nsap-donotdelete-pr-tvrylzfe9cmogl","location":"eu-gb","type":"bluemix_cos","key":"nsapallschemes.csv","upload_id":"done","max_part_num":1},"usage":{"access_count":0,"last_accessor_id":"IBMid-6970010EXL","last_access_time":1754053827707}}]}
