{"metadata":{"asset_id":"b0944fa8-b08d-41c9-b34b-e8310d98f451","asset_attributes":["environment"],"name":"model1","asset_type":"environment","created_at":"2025-08-01T13:04:43Z","description":"","origin_country":"us","owner_id":"IBMid-6970010EXL","project_id":"74c06d04-4665-43ea-a2c8-1f347d89288f","sandbox_id":"74c06d04-4665-43ea-a2c8-1f347d89288f","size":0,"tags":["dsx"],"usage":{"last_update_time":1754053483717,"last_updated_at":"2025-08-01T13:04:43Z"}},"entity":{"environment":{"sub_type":"notebook","display_name":"model1","hardware_specification":{"type":"referenced","guid":"f204be2d-3bd1-4237-87a6-ec3c7b6b408e"},"software_specification":{"type":"referenced","guid":"45f12dfe-aa78-5b8d-9f38-0ee223c47309"},"tools_specification":{"supported_kernels":[{"name":"python3","display_name":"Python 3.11","language":"python","version":"3.11"}],"notebook_extensions":[]}}}}
