{"metadata":{"asset_id":"f204be2d-3bd1-4237-87a6-ec3c7b6b408e","asset_attributes":["hardware_specification"],"name":"model1","asset_type":"hardware_specification","created_at":"2025-08-01T13:04:43Z","description":"","origin_country":"us","owner_id":"IBMid-6970010EXL","project_id":"74c06d04-4665-43ea-a2c8-1f347d89288f","sandbox_id":"74c06d04-4665-43ea-a2c8-1f347d89288f","size":0,"tags":["dsx"],"usage":{"last_update_time":1754053483482,"last_updated_at":"2025-08-01T13:04:43Z"}},"entity":{"hardware_specification":{"nodes":{"cpu":{"units":"2","model":""},"mem":{"size":"8Gi"}}}}}
