{"metadata":{"asset_id":"d506a66b-fe95-44f8-853f-f121cca907ca","asset_attributes":["notebook","location_definition"],"name":"nsap_Py","asset_type":"notebook","created_at":"2025-08-01T13:05:14Z","description":"","origin_country":"us","owner_id":"IBMid-6970010EXL","project_id":"74c06d04-4665-43ea-a2c8-1f347d89288f","size":250557,"tags":["notebook"],"usage":{"last_update_time":1754054358946,"last_updated_at":"2025-08-01T13:19:18Z"}},"entity":{"notebook":{"kernel":{"name":"python3","display_name":"Python 3.11","language":"python"},"originates_from":{"type":"blank"},"runtime":{"environment":"b0944fa8-b08d-41c9-b34b-e8310d98f451"}},"location_definition":{"physical_location_code":"LON","physical_location_code_assigned_by":"IBMid-6970010EXL","physical_location_code_rds_id":"c57cb90f-2126-3800-9c9f-9eab82021cdf","physical_location_code_rds_version":"00002025-0730-4125-8526-841177000000_5","physical_location_code_assignment_method":"INFERRED","physical_location_code_added_on":"1754053515088"}},"attachments":[{"id":"1a6da669-f74f-4d02-9d42-e92477517a16","version":2,"asset_type":"notebook","name":"attachment for notebook d506a66b-fe95-44f8-853f-f121cca907ca","description":"attachment for notebook d506a66b-fe95-44f8-853f-f121cca907ca","mime":"application/json","datasource_type":"193a97c1-4475-4a19-b90c-295c4fdc6517","object_key":"notebook/nsap_Py_I3ej0cZUi.ipynb","creator_id":"IBMid-6970010EXL","create_time":1754053515089,"size":250557,"is_remote":false,"is_managed":false,"is_referenced":true,"is_object_key_read_only":false,"is_user_provided_path_key":true,"transfer_complete":true,"is_partitioned":false,"complete_time_ticks":1754053515089,"user_data":{},"test_doc":0,"handle":{"bucket":"nsap-donotdelete-pr-tvrylzfe9cmogl","location":"eu-gb","type":"bluemix_cos","key":"notebook/nsap_Py_I3ej0cZUi.ipynb","upload_id":"done","max_part_num":1},"usage":{"access_count":6,"last_accessor_id":"IBMid-6970010EXL","last_access_time":1754054358944,"last_updater_id":"IBMid-6970010EXL","last_update_time":1754054358944}}]}
