{"metadata":{"asset_id":"5b504c07-0777-485a-bffa-d9cf0b3e7414","asset_attributes":["notebook","location_definition"],"name":"NSAP_MODEL","asset_type":"notebook","created_at":"2025-08-01T16:18:50Z","description":"","origin_country":"us","owner_id":"IBMid-6970010EXL","project_id":"74c06d04-4665-43ea-a2c8-1f347d89288f","size":36660,"tags":["notebook"],"usage":{"last_update_time":1754065130925,"last_updated_at":"2025-08-01T16:18:50Z"}},"entity":{"notebook":{"kernel":{"display_name":"Python 3.11","name":"python3","language":"python"},"originates_from":{"type":"file"},"runtime":{"environment":"f15863f2-0297-43e3-880d-2210007ef4b6"}},"location_definition":{"physical_location_code":"LON","physical_location_code_assigned_by":"IBMid-6970010EXL","physical_location_code_rds_id":"c57cb90f-2126-3800-9c9f-9eab82021cdf","physical_location_code_rds_version":"00002025-0730-4125-8526-841177000000_5","physical_location_code_assignment_method":"INFERRED","physical_location_code_added_on":"1754065130922"}},"attachments":[{"id":"04e86891-fb48-4f8f-bfaf-849d950c1d2d","version":2,"asset_type":"notebook","name":"attachment for notebook 5b504c07-0777-485a-bffa-d9cf0b3e7414","description":"attachment for notebook 5b504c07-0777-485a-bffa-d9cf0b3e7414","mime":"application/json","datasource_type":"193a97c1-4475-4a19-b90c-295c4fdc6517","object_key":"notebook/autoai_notebook_9486ef9a-d76a-4a50-ad42-cde8a568fff2_experiment_1754065129698.ipynb","creator_id":"IBMid-6970010EXL","create_time":1754065130924,"size":36660,"is_remote":false,"is_managed":false,"is_referenced":true,"is_object_key_read_only":false,"is_user_provided_path_key":true,"transfer_complete":true,"is_partitioned":false,"complete_time_ticks":1754065130924,"user_data":{},"test_doc":0,"handle":{"bucket":"nsap-donotdelete-pr-tvrylzfe9cmogl","location":"eu-gb","type":"bluemix_cos","key":"notebook/autoai_notebook_9486ef9a-d76a-4a50-ad42-cde8a568fff2_experiment_1754065129698.ipynb","upload_id":"done","max_part_num":1},"usage":{"access_count":0,"last_accessor_id":"IBMid-6970010EXL","last_access_time":1754065130924}}]}
