{"metadata":{"asset_id":"f6901efa-eb8c-49b8-841d-9421c0676a88","asset_attributes":["wml_model","location_definition"],"name":" P4 - Snap Random Forest Classifier: NSAP_MODEL","asset_type":"wml_model","created_at":"2025-08-01T16:01:02Z","origin_country":"gb","owner_id":"IBMid-6970010EXL","project_id":"74c06d04-4665-43ea-a2c8-1f347d89288f","resource_key":"96495a04-44c2-4937-8184-2ac3b22c9787","sandbox_id":"74c06d04-4665-43ea-a2c8-1f347d89288f","size":42367,"usage":{"last_update_time":1754064063181,"last_updated_at":"2025-08-01T16:01:03Z"}},"entity":{"wml_model":{"content_import_state":"completed","content_location":{"contents":[{"content_format":"pipeline-node","file_name":"P4_automl.zip","location":"auto_ml/9486ef9a-d76a-4a50-ad42-cde8a568fff2/wml_data/b528ada7-158e-4a0c-9753-57cc1e8576fe/assets/b528ada7-158e-4a0c-9753-57cc1e8576fe_P4_hpo_c_output/resources/wml_model/P4_automl.zip","pipeline_node_id":"automl"},{"content_format":"native","file_name":"pipeline_model.json","location":"auto_ml/9486ef9a-d76a-4a50-ad42-cde8a568fff2/wml_data/b528ada7-158e-4a0c-9753-57cc1e8576fe/assets/b528ada7-158e-4a0c-9753-57cc1e8576fe_P4_hpo_c_output/resources/wml_model/pipeline_model.json"}],"location":{"assets_path":"auto_ml/9486ef9a-d76a-4a50-ad42-cde8a568fff2/wml_data/b528ada7-158e-4a0c-9753-57cc1e8576fe/assets","notebooks_path":"auto_ml/9486ef9a-d76a-4a50-ad42-cde8a568fff2/wml_data/b528ada7-158e-4a0c-9753-57cc1e8576fe/notebooks","path":"auto_ml/9486ef9a-d76a-4a50-ad42-cde8a568fff2/wml_data","training":"auto_ml/9486ef9a-d76a-4a50-ad42-cde8a568fff2/wml_data/b528ada7-158e-4a0c-9753-57cc1e8576fe","training_log":"auto_ml/9486ef9a-d76a-4a50-ad42-cde8a568fff2/wml_data/b528ada7-158e-4a0c-9753-57cc1e8576fe/data/automl/training.log","training_status":"auto_ml/9486ef9a-d76a-4a50-ad42-cde8a568fff2/wml_data/b528ada7-158e-4a0c-9753-57cc1e8576fe/training-status.json"},"type":"container"},"data_preprocessing":[{"input":{"columns":16,"rows":2156},"output":{"columns":16,"rows":2156},"props":{"type":"stratified"},"stage":"sampling"},{"input":{"columns":16,"rows":2156},"output":{"columns":16,"rows":2156},"props":{"duplicated_rows_count":0},"stage":"cleansing"}],"hybrid_pipeline_software_specs":[{"name":"autoai-kb_rt24.1-py3.11"}],"label_column":"schemecode","metrics":[{"context":{"classes":["IGNDPS","IGNOAPS","IGNWPS"],"features_importance":[{"computation_type":"","features":{"NewFeature_0_pca_0":0.0758,"NewFeature_10_sqrt(pca_0)":0.0002,"NewFeature_11_sqrt(pca_2)":0.0478,"NewFeature_1_pca_2":0.2059,"NewFeature_2_sqrt(totalbeneficiaries)":0.0372,"NewFeature_3_sqrt(totalmale)":0.1158,"NewFeature_4_sqrt(totalfemale)":0.0493,"NewFeature_5_sqrt(totalsc)":0.0068,"NewFeature_6_sqrt(totalgen)":0.0067,"NewFeature_7_sqrt(totalobc)":0.0052,"NewFeature_8_sqrt(totalaadhaar)":0.0912,"NewFeature_9_sqrt(totalmobilenumber)":0.0302,"districtname":0.0023,"lgddistrictcode":0.0026,"lgdstatecode":0.0062,"statename":0.0006,"totalaadhaar":0.0065,"totalbeneficiaries":0.0177,"totalfemale":0.0578,"totalgen":0.005,"totalmale":0.1819,"totalmobilenumber":0.0245,"totalobc":0.0058,"totalsc":0.0043,"totalst":0.0095,"totaltransgender":0.0032},"stage":"Mean"}],"incremental_training":{},"intermediate_model":{"composition_steps":["Split_TrainingHoldout","TrainingDataset_full_1940_14","Column Selection","Datetime_FE","TrainingDataset_full_1940_14","Preprocessor_default","DAUB","hpo_d","cognito","hpo_c"],"duration":31944,"location":{"model":"auto_ml/9486ef9a-d76a-4a50-ad42-cde8a568fff2/wml_data/b528ada7-158e-4a0c-9753-57cc1e8576fe/data/automl/hpo_c_output/Pipeline1/model.pickle","pipeline":"auto_ml/9486ef9a-d76a-4a50-ad42-cde8a568fff2/wml_data/b528ada7-158e-4a0c-9753-57cc1e8576fe/data/automl/hpo_c_output/Pipeline1/pipeline.json","pipeline_model":"auto_ml/9486ef9a-d76a-4a50-ad42-cde8a568fff2/wml_data/b528ada7-158e-4a0c-9753-57cc1e8576fe/data/automl/hpo_c_output/Pipeline1/pipeline-model.json"},"name":"P4","notebook_location":"auto_ml/9486ef9a-d76a-4a50-ad42-cde8a568fff2/wml_data/b528ada7-158e-4a0c-9753-57cc1e8576fe/data/automl/hpo_c_output/Pipeline1/notebook.ipynb","pipeline_nodes":["ColumnSelector","PreprocessingTransformer","autoai_libs.cognito.transforms.transform_utils.TAM","autoai_libs.cognito.transforms.transform_utils.FS1","autoai_libs.cognito.transforms.transform_utils.TA1","autoai_libs.cognito.transforms.transform_utils.FS1","SnapRandomForestClassifier"],"process":"hpo_c_output","schema_location":"auto_ml/9486ef9a-d76a-4a50-ad42-cde8a568fff2/wml_data/b528ada7-158e-4a0c-9753-57cc1e8576fe/data/automl/hpo_c_output/Pipeline1/schema.json"},"multi_class_classification":{"one_vs_all_location":"auto_ml/9486ef9a-d76a-4a50-ad42-cde8a568fff2/wml_data/b528ada7-158e-4a0c-9753-57cc1e8576fe/data/automl/hpo_c_output/Pipeline1/one_vs_all.json"},"phase":"hpo_c_output","prediction_type":"classification","target_column":"schemecode"},"ml_metrics":{"holdout_accuracy":0.9768518518518519,"holdout_f1_macro":0.9767143639064821,"holdout_f1_micro":0.9768518518518519,"holdout_f1_weighted":0.9767877776908975,"holdout_neg_log_loss":-0.222415070700662,"holdout_precision_macro":0.9767124267124268,"holdout_precision_micro":0.9768518518518519,"holdout_precision_weighted":0.9767858135913692,"holdout_recall_macro":0.9767775603392042,"holdout_recall_micro":0.9768518518518519,"holdout_recall_weighted":0.9768518518518519,"training_accuracy":0.9840200783803312,"training_f1_macro":0.9839562153878748,"training_f1_micro":0.9840200783803312,"training_f1_weighted":0.9840125550025597,"training_neg_log_loss":-0.14307964467855896,"training_precision_macro":0.9839334490421309,"training_precision_micro":0.9840200783803312,"training_precision_weighted":0.9840520082525149,"training_recall_macro":0.9840260173720559,"training_recall_micro":0.9840200783803312,"training_recall_weighted":0.9840200783803312},"timestamp":"2025-08-01T15:58:28Z"}],"pipeline":{"id":"ded268d3-dfb8-4895-a62b-2ddaa1722d1a"},"schemas":{"input":[{"fields":[{"name":"finyear","nullable":false,"type":"other"},{"name":"lgdstatecode","nullable":false,"type":"double"},{"name":"statename","nullable":false,"type":"other"},{"name":"lgddistrictcode","nullable":false,"type":"double"},{"name":"districtname","nullable":false,"type":"other"},{"name":"totalbeneficiaries","nullable":false,"type":"double"},{"name":"totalmale","nullable":false,"type":"double"},{"name":"totalfemale","nullable":false,"type":"double"},{"name":"totaltransgender","nullable":false,"type":"double"},{"name":"totalsc","nullable":false,"type":"double"},{"name":"totalst","nullable":false,"type":"double"},{"name":"totalgen","nullable":false,"type":"double"},{"name":"totalobc","nullable":false,"type":"double"},{"name":"totalaadhaar","nullable":false,"type":"double"},{"name":"totalmobilenumber","nullable":false,"type":"double"}],"id":"auto_ai_kb_input_schema"}],"output":[]},"software_spec":{"id":"8c1a58c6-62b5-4dc4-987a-df751c2756b6","name":"hybrid_0.1"},"training_data_references":[{"connection":{},"id":"nsapallschemes.csv","location":{"href":"/v2/assets/1c7ed919-0145-4bed-8140-18acfa94981f?project_id=74c06d04-4665-43ea-a2c8-1f347d89288f","id":"1c7ed919-0145-4bed-8140-18acfa94981f","project_id":"74c06d04-4665-43ea-a2c8-1f347d89288f","userfs":"false"},"schema":{"fields":[{"name":"finyear","nullable":false,"type":"other"},{"name":"lgdstatecode","nullable":false,"type":"double"},{"name":"statename","nullable":false,"type":"other"},{"name":"lgddistrictcode","nullable":false,"type":"double"},{"name":"districtname","nullable":false,"type":"other"},{"name":"totalbeneficiaries","nullable":false,"type":"double"},{"name":"totalmale","nullable":false,"type":"double"},{"name":"totalfemale","nullable":false,"type":"double"},{"name":"totaltransgender","nullable":false,"type":"double"},{"name":"totalsc","nullable":false,"type":"double"},{"name":"totalst","nullable":false,"type":"double"},{"name":"totalgen","nullable":false,"type":"double"},{"name":"totalobc","nullable":false,"type":"double"},{"name":"totalaadhaar","nullable":false,"type":"double"},{"name":"totalmobilenumber","nullable":false,"type":"double"},{"name":"schemecode","nullable":false,"type":"other"}],"id":"auto_ai_kb_input_schema"},"type":"data_asset"}],"training_id":"b528ada7-158e-4a0c-9753-57cc1e8576fe","type":"wml-hybrid_0.1","ml_version":"4.0.19"}},"attachments":[{"id":"549e8d43-a14d-4138-a338-20c5d9a56961","version":2,"asset_type":"wml_model","name":"P4_automl.zip","datasource_type":"193a97c1-4475-4a19-b90c-295c4fdc6517","creator_id":"IBMid-6970010EXL","create_time":1754064062316,"size":40481,"is_remote":false,"is_managed":true,"is_referenced":false,"is_object_key_read_only":false,"is_user_provided_path_key":false,"transfer_complete":true,"is_partitioned":false,"complete_time_ticks":1754064063056,"user_data":{"content_format":"pipeline-node","pipeline_node_id":"automl"},"test_doc":0,"handle":{"bucket":"nsap-donotdelete-pr-tvrylzfe9cmogl","location":"eu-gb","type":"bluemix_cos","key":"ec8ef20c-4cf7-4160-af0e-c9ee6a7dbe93/f6901efa-eb8c-49b8-841d-9421c0676a88/549e8d43-a14d-4138-a338-20c5d9a56961","upload_id":"done","max_part_num":1},"usage":{"access_count":1,"last_accessor_id":"IBMid-6970010EXL","last_access_time":1754064063056,"last_updater_id":"IBMid-6970010EXL","last_update_time":1754064063056}},{"id":"89713691-40a9-4b46-b65d-a201016594fb","version":2,"asset_type":"wml_model","name":"pipeline_model.json","datasource_type":"193a97c1-4475-4a19-b90c-295c4fdc6517","creator_id":"IBMid-6970010EXL","create_time":1754064062375,"size":1886,"is_remote":false,"is_managed":true,"is_referenced":false,"is_object_key_read_only":false,"is_user_provided_path_key":false,"transfer_complete":true,"is_partitioned":false,"complete_time_ticks":1754064063181,"user_data":{"content_format":"native"},"test_doc":0,"handle":{"bucket":"nsap-donotdelete-pr-tvrylzfe9cmogl","location":"eu-gb","type":"bluemix_cos","key":"ec8ef20c-4cf7-4160-af0e-c9ee6a7dbe93/f6901efa-eb8c-49b8-841d-9421c0676a88/89713691-40a9-4b46-b65d-a201016594fb","upload_id":"done","max_part_num":1},"usage":{"access_count":1,"last_accessor_id":"IBMid-6970010EXL","last_access_time":1754064063181,"last_updater_id":"IBMid-6970010EXL","last_update_time":1754064063181}}]}
