{"metadata":{"asset_id":"ded268d3-dfb8-4895-a62b-2ddaa1722d1a","asset_attributes":["wml_pipeline"],"name":"NSAP_MODEL","asset_type":"wml_pipeline","created_at":"2025-08-01T15:56:44Z","origin_country":"gb","owner_id":"IBMid-6970010EXL","project_id":"74c06d04-4665-43ea-a2c8-1f347d89288f","sandbox_id":"74c06d04-4665-43ea-a2c8-1f347d89288f","size":0,"tags":["dsx-project.74c06d04-4665-43ea-a2c8-1f347d89288f"],"usage":{"last_update_time":1754063804694,"last_updated_at":"2025-08-01T15:56:44Z"}},"entity":{"wml_pipeline":{"document":{"doc_type":"pipeline","pipelines":[{"id":"autoai","nodes":[{"id":"automl","op":"kube","parameters":{"incremental_learning":false,"input_file_separator":",","n_parallel_data_connections":4,"one_vs_all_file":true,"optimization":{"compute_pipeline_notebooks_flag":true,"cv_num_folds":3,"daub_adaptive_subsampling_max_mem_usage":15000000000,"feature_selector_mode":"auto","global_stage_include_batched_ensemble_estimators":[],"holdout_param":0.1,"label":"schemecode","learning_type":"classification","max_num_daub_ensembles":2,"run_cognito_flag":true,"scorer_for_ranking":"accuracy"},"output_logs":true,"stage_flag":true},"runtime_ref":"autoai","type":"execution_node"}],"runtime_ref":"hybrid"}],"primary_pipeline":"autoai","runtimes":[{"app_data":{"wml_data":{"hardware_spec":{"id":"a6c4923b-b8e4-444c-9f43-8a7ec3020110","name":"L"}}},"id":"autoai","name":"auto_ai.kb"}],"version":"2.0"},"ml_version":"4.0.5"}}}
